series_id,date,sales_qty,order_id,customer_id,item_id,item_name,category,price,sales_value,tax_amount,fee_amount,is_refund,is_void,channel,promo_applied,cogs_per_line,lat,lon
Downtown,2024-01-01,21,9000001,C35655,1001,Cheese Burger,Burgers,6.5,0.0,17.75,2.73,0,0,DineIn,0,3.58,33.6844,73.0479
Downtown,2024-01-02,22,9000003,C99140,1032,BBQ Chicken Pizza,Pizzas,14.5,0.0,41.47,6.38,0,0,Delivery,0,7.98,33.6844,73.0479
Downtown,2024-01-03,30,9000005,C40691,1050,Lemonade,Drinks,2.2,0.0,8.58,1.32,0,0,DineIn,0,1.21,33.6844,73.0479
Downtown,2024-01-04,13,9000007,C22740,1001,Cheese Burger,Burgers,6.5,0.0,10.99,1.69,0,0,Delivery,0,3.58,33.6844,73.0479
Downtown,2024-01-05,32,9000009,C44143,1032,BBQ Chicken Pizza,Pizzas,14.5,0.0,60.32,9.28,0,0,DineIn,0,7.98,33.6844,73.0479
Downtown,2024-01-06,25,9000011,C96839,1050,Lemonade,Drinks,2.2,0.0,7.15,1.1,0,0,Delivery,0,1.21,33.6844,73.0479
Downtown,2024-01-07,29,9000013,C32003,1001,Cheese Burger,Burgers,6.5,0.0,24.51,3.77,0,0,DineIn,0,3.58,33.6844,73.0479
Downtown,2024-01-08,27,9000015,C69413,1032,BBQ Chicken Pizza,Pizzas,14.5,0.0,50.9,7.83,0,0,Delivery,0,7.98,33.6844,73.0479
Downtown,2024-01-09,27,9000017,C50113,1050,Lemonade,Drinks,2.2,0.0,7.72,1.19,0,0,DineIn,0,1.21,33.6844,73.0479
Downtown,2024-01-10,21,9000019,C84353,1001,Cheese Burger,Burgers,6.5,0.0,17.75,2.73,0,0,Delivery,0,3.58,33.6844,73.0479
Downtown,2024-01-11,22,9000021,C18357,1032,BBQ Chicken Pizza,Pizzas,14.5,0.0,41.47,6.38,0,0,DineIn,0,7.98,33.6844,73.0479
Downtown,2024-01-12,41,9000023,C35276,1050,Lemonade,Drinks,2.2,0.0,11.73,1.8,0,0,Delivery,0,1.21,33.6844,73.0479
Downtown,2024-01-13,34,9000025,C15455,1001,Cheese Burger,Burgers,6.5,0.0,28.73,4.42,0,0,DineIn,0,3.58,33.6844,73.0479
Downtown,2024-01-14,42,9000027,C78528,1032,BBQ Chicken Pizza,Pizzas,14.5,60.9,71.25,10.96,0,0,Delivery,1,7.98,33.6844,73.0479
Downtown,2024-01-15,32,9000029,C91647,1050,Lemonade,Drinks,2.2,7.04,8.24,1.27,0,0,DineIn,1,1.21,33.6844,73.0479
Downtown,2024-01-16,23,9000031,C35163,1001,Cheese Burger,Burgers,6.5,0.0,19.44,2.99,0,0,Delivery,0,3.58,33.6844,73.0479
Downtown,2024-01-17,34,9000033,C47133,1032,BBQ Chicken Pizza,Pizzas,14.5,0.0,64.09,9.86,0,0,DineIn,0,7.98,33.6844,73.0479
Downtown,2024-01-18,31,9000035,C87954,1050,Lemonade,Drinks,2.2,0.0,8.87,1.36,0,0,Delivery,0,1.21,33.6844,73.0479
Downtown,2024-01-19,27,9000037,C91896,1001,Cheese Burger,Burgers,6.5,0.0,22.82,3.51,0,0,DineIn,0,3.58,33.6844,73.0479
Downtown,2024-01-20,33,9000039,C22380,1032,BBQ Chicken Pizza,Pizzas,14.5,0.0,62.21,9.57,0,0,Delivery,0,7.98,33.6844,73.0479
Downtown,2024-01-21,26,9000041,C90903,1050,Lemonade,Drinks,2.2,0.0,7.44,1.14,0,0,DineIn,0,1.21,33.6844,73.0479
Downtown,2024-01-22,33,9000043,C74294,1001,Cheese Burger,Burgers,6.5,0.0,27.89,4.29,0,0,Delivery,0,3.58,33.6844,73.0479
Downtown,2024-01-23,37,9000045,C80782,1032,BBQ Chicken Pizza,Pizzas,14.5,0.0,69.75,10.73,0,0,DineIn,0,7.98,33.6844,73.0479
Downtown,2024-01-24,24,9000047,C25207,1050,Lemonade,Drinks,2.2,0.0,6.86,1.06,0,0,Delivery,0,1.21,33.6844,73.0479
Downtown,2024-01-25,19,9000049,C91788,1001,Cheese Burger,Burgers,6.5,0.0,16.05,2.47,0,0,DineIn,0,3.58,33.6844,73.0479
Downtown,2024-01-26,47,9000051,C31097,1032,BBQ Chicken Pizza,Pizzas,14.5,0.0,88.59,13.63,0,0,Delivery,0,7.98,33.6844,73.0479
Downtown,2024-01-27,42,9000053,C72980,1050,Lemonade,Drinks,2.2,9.24,10.81,1.66,0,0,DineIn,1,1.21,33.6844,73.0479
Downtown,2024-01-28,26,9000055,C36743,1001,Cheese Burger,Burgers,6.5,0.0,21.97,3.38,0,0,Delivery,0,3.58,33.6844,73.0479
Downtown,2024-01-29,22,9000057,C97460,1032,BBQ Chicken Pizza,Pizzas,14.5,0.0,41.47,6.38,0,0,DineIn,0,7.98,33.6844,73.0479
Downtown,2024-01-30,32,9000059,C87179,1050,Lemonade,Drinks,2.2,7.04,8.24,1.27,0,0,Delivery,1,1.21,33.6844,73.0479
Downtown,2024-01-31,21,9000061,C43909,1001,Cheese Burger,Burgers,6.5,0.0,17.75,2.73,0,0,DineIn,0,3.58,33.6844,73.0479
Downtown,2024-02-01,23,9000063,C37120,1032,BBQ Chicken Pizza,Pizzas,14.5,0.0,43.36,6.67,0,0,Delivery,0,7.98,33.6844,73.0479
Downtown,2024-02-02,38,9000065,C84565,1050,Lemonade,Drinks,2.2,0.0,10.87,1.67,0,0,DineIn,0,1.21,33.6844,73.0479
Downtown,2024-02-03,35,9000067,C81441,1001,Cheese Burger,Burgers,6.5,0.0,29.57,4.55,0,0,Delivery,0,3.58,33.6844,73.0479
Downtown,2024-02-04,31,9000069,C17521,1032,BBQ Chicken Pizza,Pizzas,14.5,0.0,58.44,8.99,0,0,DineIn,0,7.98,33.6844,73.0479
Downtown,2024-02-05,22,9000071,C66972,1050,Lemonade,Drinks,2.2,0.0,6.29,0.97,0,0,Delivery,0,1.21,33.6844,73.0479
Downtown,2024-02-06,29,9000073,C63164,1001,Cheese Burger,Burgers,6.5,0.0,24.51,3.77,0,0,DineIn,0,3.58,33.6844,73.0479
Downtown,2024-02-07,25,9000075,C69660,1032,BBQ Chicken Pizza,Pizzas,14.5,0.0,47.12,7.25,0,0,Delivery,0,7.98,33.6844,73.0479
Downtown,2024-02-08,26,9000077,C41004,1050,Lemonade,Drinks,2.2,0.0,7.44,1.14,0,0,DineIn,0,1.21,33.6844,73.0479
Downtown,2024-02-09,50,9000079,C55164,1001,Cheese Burger,Burgers,6.5,32.5,38.02,5.85,0,0,Delivery,1,3.58,33.6844,73.0479
Downtown,2024-02-10,29,9000081,C77838,1032,BBQ Chicken Pizza,Pizzas,14.5,0.0,54.66,8.41,0,0,DineIn,0,7.98,33.6844,73.0479
Downtown,2024-02-11,34,9000083,C37791,1050,Lemonade,Drinks,2.2,0.0,9.72,1.5,0,0,Delivery,0,1.21,33.6844,73.0479
Downtown,2024-02-12,36,9000085,C83399,1001,Cheese Burger,Burgers,6.5,23.4,27.38,4.21,0,0,DineIn,1,3.58,33.6844,73.0479
Downtown,2024-02-13,34,9000087,C89969,1032,BBQ Chicken Pizza,Pizzas,14.5,0.0,64.09,9.86,0,0,Delivery,0,7.98,33.6844,73.0479
Downtown,2024-02-14,25,9000089,C27798,1050,Lemonade,Drinks,2.2,0.0,7.15,1.1,0,0,DineIn,0,1.21,33.6844,73.0479
Downtown,2024-02-15,26,9000091,C40629,1001,Cheese Burger,Burgers,6.5,0.0,21.97,3.38,0,0,Delivery,0,3.58,33.6844,73.0479
Downtown,2024-02-16,37,9000093,C12872,1032,BBQ Chicken Pizza,Pizzas,14.5,0.0,69.75,10.73,0,0,DineIn,0,7.98,33.6844,73.0479
Downtown,2024-02-17,26,9000095,C92096,1050,Lemonade,Drinks,2.2,0.0,7.44,1.14,0,0,Delivery,0,1.21,33.6844,73.0479
Downtown,2024-02-18,30,9000097,C95553,1001,Cheese Burger,Burgers,6.5,19.5,22.82,3.51,0,0,DineIn,1,3.58,33.6844,73.0479
Downtown,2024-02-19,22,9000099,C23175,1032,BBQ Chicken Pizza,Pizzas,14.5,0.0,41.47,6.38,0,0,Delivery,0,7.98,33.6844,73.0479
Downtown,2024-02-20,24,9000101,C32300,1050,Lemonade,Drinks,2.2,0.0,6.86,1.06,0,0,DineIn,0,1.21,33.6844,73.0479
Downtown,2024-02-21,20,9000103,C98777,1001,Cheese Burger,Burgers,6.5,0.0,16.9,2.6,0,0,Delivery,0,3.58,33.6844,73.0479
Downtown,2024-02-22,27,9000105,C24831,1032,BBQ Chicken Pizza,Pizzas,14.5,0.0,50.9,7.83,0,0,DineIn,0,7.98,33.6844,73.0479
Downtown,2024-02-23,34,9000107,C53263,1050,Lemonade,Drinks,2.2,0.0,9.72,1.5,0,0,Delivery,0,1.21,33.6844,73.0479
Downtown,2024-02-24,28,9000109,C40550,1001,Cheese Burger,Burgers,6.5,0.0,23.66,3.64,0,0,DineIn,0,3.58,33.6844,73.0479
Downtown,2024-02-25,36,9000111,C78636,1032,BBQ Chicken Pizza,Pizzas,14.5,0.0,67.86,10.44,0,0,Delivery,0,7.98,33.6844,73.0479
Downtown,2024-02-26,26,9000113,C19000,1050,Lemonade,Drinks,2.2,0.0,7.44,1.14,0,0,DineIn,0,1.21,33.6844,73.0479
Downtown,2024-02-27,33,9000115,C97582,1001,Cheese Burger,Burgers,6.5,0.0,27.89,4.29,0,0,Delivery,0,3.58,33.6844,73.0479
Downtown,2024-02-28,29,9000117,C85963,1032,BBQ Chicken Pizza,Pizzas,14.5,0.0,54.66,8.41,0,0,DineIn,0,7.98,33.6844,73.0479
Downtown,2024-02-29,43,9000119,C62603,1050,Lemonade,Drinks,2.2,9.46,11.07,1.7,0,0,Delivery,1,1.21,33.6844,73.0479
Downtown,2024-03-01,33,9000121,C10202,1001,Cheese Burger,Burgers,6.5,0.0,27.89,4.29,0,0,DineIn,0,3.58,33.6844,73.0479
Downtown,2024-03-02,28,9000123,C57905,1032,BBQ Chicken Pizza,Pizzas,14.5,0.0,52.78,8.12,0,0,Delivery,0,7.98,33.6844,73.0479
Downtown,2024-03-03,52,9000125,C52770,1050,Lemonade,Drinks,2.2,11.44,13.38,2.06,0,0,DineIn,1,1.21,33.6844,73.0479
Downtown,2024-03-04,18,9000127,C46205,1001,Cheese Burger,Burgers,6.5,0.0,15.21,2.34,0,0,Delivery,0,3.58,33.6844,73.0479
Downtown,2024-03-05,29,9000129,C78509,1032,BBQ Chicken Pizza,Pizzas,14.5,0.0,54.66,8.41,0,0,DineIn,0,7.98,33.6844,73.0479
Downtown,2024-03-06,34,9000131,C76873,1050,Lemonade,Drinks,2.2,0.0,9.72,1.5,0,0,Delivery,0,1.21,33.6844,73.0479
Downtown,2024-03-07,32,9000133,C84306,1001,Cheese Burger,Burgers,6.5,0.0,27.04,4.16,0,0,DineIn,0,3.58,33.6844,73.0479
Downtown,2024-03-08,32,9000135,C36183,1032,BBQ Chicken Pizza,Pizzas,14.5,0.0,60.32,9.28,0,0,Delivery,0,7.98,33.6844,73.0479
Downtown,2024-03-09,39,9000137,C15565,1050,Lemonade,Drinks,2.2,0.0,11.15,1.72,0,0,DineIn,0,1.21,33.6844,73.0479
Downtown,2024-03-10,32,9000139,C77887,1001,Cheese Burger,Burgers,6.5,0.0,27.04,4.16,0,0,Delivery,0,3.58,33.6844,73.0479
Downtown,2024-03-11,30,9000141,C32517,1032,BBQ Chicken Pizza,Pizzas,14.5,0.0,56.55,8.7,0,0,DineIn,0,7.98,33.6844,73.0479
Downtown,2024-03-12,24,9000143,C61143,1050,Lemonade,Drinks,2.2,0.0,6.86,1.06,0,0,Delivery,0,1.21,33.6844,73.0479
Downtown,2024-03-13,35,9000145,C40163,1001,Cheese Burger,Burgers,6.5,0.0,29.57,4.55,0,0,DineIn,0,3.58,33.6844,73.0479
Downtown,2024-03-14,24,9000147,C16786,1032,BBQ Chicken Pizza,Pizzas,14.5,0.0,45.24,6.96,0,0,Delivery,0,7.98,33.6844,73.0479
Downtown,2024-03-15,34,9000149,C70916,1050,Lemonade,Drinks,2.2,0.0,9.72,1.5,0,0,DineIn,0,1.21,33.6844,73.0479
Downtown,2024-03-16,31,9000151,C82197,1001,Cheese Burger,Burgers,6.5,0.0,26.2,4.03,0,0,Delivery,0,3.58,33.6844,73.0479
Downtown,2024-03-17,40,9000153,C42656,1032,BBQ Chicken Pizza,Pizzas,14.5,58.0,67.86,10.44,0,0,DineIn,1,7.98,33.6844,73.0479
Downtown,2024-03-18,27,9000155,C89662,1050,Lemonade,Drinks,2.2,0.0,7.72,1.19,0,0,Delivery,0,1.21,33.6844,73.0479
Downtown,2024-03-19,17,9000157,C97349,1001,Cheese Burger,Burgers,6.5,0.0,14.37,2.21,0,0,DineIn,0,3.58,33.6844,73.0479
Downtown,2024-03-20,25,9000159,C44015,1032,BBQ Chicken Pizza,Pizzas,14.5,0.0,47.12,7.25,0,0,Delivery,0,7.98,33.6844,73.0479
Downtown,2024-03-21,32,9000161,C14930,1050,Lemonade,Drinks,2.2,0.0,9.15,1.41,0,0,DineIn,0,1.21,33.6844,73.0479
Downtown,2024-03-22,27,9000163,C30877,1001,Cheese Burger,Burgers,6.5,0.0,22.82,3.51,0,0,Delivery,0,3.58,33.6844,73.0479
Downtown,2024-03-23,28,9000165,C86318,1032,BBQ Chicken Pizza,Pizzas,14.5,0.0,52.78,8.12,0,0,DineIn,0,7.98,33.6844,73.0479
Downtown,2024-03-24,32,9000167,C50485,1050,Lemonade,Drinks,2.2,0.0,9.15,1.41,0,0,Delivery,0,1.21,33.6844,73.0479
Downtown,2024-03-25,35,9000169,C39805,1001,Cheese Burger,Burgers,6.5,0.0,29.57,4.55,0,0,DineIn,0,3.58,33.6844,73.0479
Downtown,2024-03-26,35,9000171,C34891,1032,BBQ Chicken Pizza,Pizzas,14.5,0.0,65.98,10.15,0,0,Delivery,0,7.98,33.6844,73.0479
Downtown,2024-03-27,29,9000173,C44340,1050,Lemonade,Drinks,2.2,0.0,8.29,1.28,0,0,DineIn,0,1.21,33.6844,73.0479
Downtown,2024-03-28,32,9000175,C57532,1001,Cheese Burger,Burgers,6.5,0.0,27.04,4.16,0,0,Delivery,0,3.58,33.6844,73.0479
Downtown,2024-03-29,33,9000177,C11248,1032,BBQ Chicken Pizza,Pizzas,14.5,0.0,62.21,9.57,0,0,DineIn,0,7.98,33.6844,73.0479
Downtown,2024-03-30,33,9000179,C18230,1050,Lemonade,Drinks,2.2,0.0,9.44,1.45,0,0,Delivery,0,1.21,33.6844,73.0479
Downtown,2024-03-31,30,9000181,C30610,1001,Cheese Burger,Burgers,6.5,0.0,25.35,3.9,0,0,DineIn,0,3.58,33.6844,73.0479
Downtown,2024-04-01,20,9000183,C41408,1032,BBQ Chicken Pizza,Pizzas,14.5,0.0,37.7,5.8,0,0,Delivery,0,7.98,33.6844,73.0479
Downtown,2024-04-02,33,9000185,C83924,1050,Lemonade,Drinks,2.2,7.26,8.49,1.31,0,0,DineIn,1,1.21,33.6844,73.0479
Downtown,2024-04-03,34,9000187,C74581,1001,Cheese Burger,Burgers,6.5,0.0,28.73,4.42,0,0,Delivery,0,3.58,33.6844,73.0479
Downtown,2024-04-04,31,9000189,C22984,1032,BBQ Chicken Pizza,Pizzas,14.5,0.0,58.44,8.99,0,0,DineIn,0,7.98,33.6844,73.0479
Downtown,2024-04-05,30,9000191,C14749,1050,Lemonade,Drinks,2.2,0.0,8.58,1.32,0,0,Delivery,0,1.21,33.6844,73.0479
Downtown,2024-04-06,24,9000193,C64461,1001,Cheese Burger,Burgers,6.5,0.0,20.28,3.12,0,0,DineIn,0,3.58,33.6844,73.0479
Downtown,2024-04-07,23,9000195,C90153,1032,BBQ Chicken Pizza,Pizzas,14.5,0.0,43.36,6.67,0,0,Delivery,0,7.98,33.6844,73.0479
Downtown,2024-04-08,18,9000197,C86966,1050,Lemonade,Drinks,2.2,0.0,5.15,0.79,0,0,DineIn,0,1.21,33.6844,73.0479
Downtown,2024-04-09,39,9000199,C95576,1001,Cheese Burger,Burgers,6.5,25.35,29.66,4.56,0,0,Delivery,1,3.58,33.6844,73.0479
Downtown,2024-04-10,33,9000201,C48611,1032,BBQ Chicken Pizza,Pizzas,14.5,47.85,55.98,8.61,0,0,DineIn,1,7.98,33.6844,73.0479
Downtown,2024-04-11,21,9000203,C16319,1050,Lemonade,Drinks,2.2,0.0,6.01,0.92,0,0,Delivery,0,1.21,33.6844,73.0479
Downtown,2024-04-12,31,9000205,C71715,1001,Cheese Burger,Burgers,6.5,0.0,26.2,4.03,0,0,DineIn,0,3.58,33.6844,73.0479
Downtown,2024-04-13,28,9000207,C79756,1032,BBQ Chicken Pizza,Pizzas,14.5,0.0,52.78,8.12,0,0,Delivery,0,7.98,33.6844,73.0479
Downtown,2024-04-14,21,9000209,C85879,1050,Lemonade,Drinks,2.2,0.0,6.01,0.92,0,0,DineIn,0,1.21,33.6844,73.0479
Downtown,2024-04-15,28,9000211,C25710,1001,Cheese Burger,Burgers,6.5,0.0,23.66,3.64,0,0,Delivery,0,3.58,33.6844,73.0479
Downtown,2024-04-16,22,9000213,C26491,1032,BBQ Chicken Pizza,Pizzas,14.5,0.0,41.47,6.38,0,0,DineIn,0,7.98,33.6844,73.0479
Downtown,2024-04-17,27,9000215,C94807,1050,Lemonade,Drinks,2.2,0.0,7.72,1.19,0,0,Delivery,0,1.21,33.6844,73.0479
Downtown,2024-04-18,31,9000217,C72681,1001,Cheese Burger,Burgers,6.5,0.0,26.2,4.03,0,0,DineIn,0,3.58,33.6844,73.0479
Downtown,2024-04-19,31,9000219,C32522,1032,BBQ Chicken Pizza,Pizzas,14.5,0.0,58.44,8.99,0,0,Delivery,0,7.98,33.6844,73.0479
Downtown,2024-04-20,37,9000221,C54137,1050,Lemonade,Drinks,2.2,0.0,10.58,1.63,0,0,DineIn,0,1.21,33.6844,73.0479
Downtown,2024-04-21,31,9000223,C64913,1001,Cheese Burger,Burgers,6.5,20.15,23.58,3.63,0,0,Delivery,1,3.58,33.6844,73.0479
Downtown,2024-04-22,31,9000225,C29319,1032,BBQ Chicken Pizza,Pizzas,14.5,0.0,58.44,8.99,0,0,DineIn,0,7.98,33.6844,73.0479
Downtown,2024-04-23,36,9000227,C15424,1050,Lemonade,Drinks,2.2,0.0,10.3,1.58,0,0,Delivery,0,1.21,33.6844,73.0479
Downtown,2024-04-24,21,9000229,C84124,1001,Cheese Burger,Burgers,6.5,0.0,17.75,2.73,0,0,DineIn,0,3.58,33.6844,73.0479
Downtown,2024-04-25,19,9000231,C83752,1032,BBQ Chicken Pizza,Pizzas,14.5,0.0,35.81,5.51,0,0,Delivery,0,7.98,33.6844,73.0479
Downtown,2024-04-26,36,9000233,C54249,1050,Lemonade,Drinks,2.2,0.0,10.3,1.58,0,0,DineIn,0,1.21,33.6844,73.0479
Downtown,2024-04-27,27,9000235,C43308,1001,Cheese Burger,Burgers,6.5,0.0,22.82,3.51,0,0,Delivery,0,3.58,33.6844,73.0479
Downtown,2024-04-28,25,9000237,C69223,1032,BBQ Chicken Pizza,Pizzas,14.5,0.0,47.12,7.25,0,0,DineIn,0,7.98,33.6844,73.0479
Downtown,2024-04-29,26,9000239,C21097,1050,Lemonade,Drinks,2.2,0.0,7.44,1.14,0,0,Delivery,0,1.21,33.6844,73.0479
Downtown,2024-04-30,28,9000241,C43668,1001,Cheese Burger,Burgers,6.5,0.0,23.66,3.64,0,0,DineIn,0,3.58,33.6844,73.0479
Downtown,2024-05-01,24,9000243,C71939,1032,BBQ Chicken Pizza,Pizzas,14.5,0.0,45.24,6.96,0,0,Delivery,0,7.98,33.6844,73.0479
Downtown,2024-05-02,19,9000245,C24246,1050,Lemonade,Drinks,2.2,0.0,5.43,0.84,0,0,DineIn,0,1.21,33.6844,73.0479
Downtown,2024-05-03,44,9000247,C94249,1001,Cheese Burger,Burgers,6.5,28.6,33.46,5.15,0,0,Delivery,1,3.58,33.6844,73.0479
Downtown,2024-05-04,27,9000249,C26583,1032,BBQ Chicken Pizza,Pizzas,14.5,0.0,50.9,7.83,0,0,DineIn,0,7.98,33.6844,73.0479
Downtown,2024-05-05,24,9000251,C14159,1050,Lemonade,Drinks,2.2,0.0,6.86,1.06,0,0,Delivery,0,1.21,33.6844,73.0479
Downtown,2024-05-06,29,9000253,C35727,1001,Cheese Burger,Burgers,6.5,0.0,24.51,3.77,0,0,DineIn,0,3.58,33.6844,73.0479
Downtown,2024-05-07,37,9000255,C77089,1032,BBQ Chicken Pizza,Pizzas,14.5,53.65,62.77,9.66,0,0,Delivery,1,7.98,33.6844,73.0479
Downtown,2024-05-08,47,9000257,C91743,1050,Lemonade,Drinks,2.2,10.34,12.1,1.86,0,0,DineIn,1,1.21,33.6844,73.0479
Downtown,2024-05-09,29,9000259,C88589,1001,Cheese Burger,Burgers,6.5,0.0,24.51,3.77,0,0,Delivery,0,3.58,33.6844,73.0479
Downtown,2024-05-10,43,9000261,C57098,1032,BBQ Chicken Pizza,Pizzas,14.5,0.0,81.06,12.47,0,0,DineIn,0,7.98,33.6844,73.0479
Downtown,2024-05-11,34,9000263,C12222,1050,Lemonade,Drinks,2.2,0.0,9.72,1.5,0,0,Delivery,0,1.21,33.6844,73.0479
Downtown,2024-05-12,32,9000265,C64487,1001,Cheese Burger,Burgers,6.5,0.0,27.04,4.16,0,0,DineIn,0,3.58,33.6844,73.0479
Downtown,2024-05-13,32,9000267,C33770,1032,BBQ Chicken Pizza,Pizzas,14.5,0.0,60.32,9.28,0,0,Delivery,0,7.98,33.6844,73.0479
Downtown,2024-05-14,33,9000269,C91665,1050,Lemonade,Drinks,2.2,0.0,9.44,1.45,0,0,DineIn,0,1.21,33.6844,73.0479
Downtown,2024-05-15,22,9000271,C72860,1001,Cheese Burger,Burgers,6.5,0.0,18.59,2.86,0,0,Delivery,0,3.58,33.6844,73.0479
Downtown,2024-05-16,27,9000273,C27805,1032,BBQ Chicken Pizza,Pizzas,14.5,0.0,50.9,7.83,0,0,DineIn,0,7.98,33.6844,73.0479
Downtown,2024-05-17,32,9000275,C42520,1050,Lemonade,Drinks,2.2,0.0,9.15,1.41,0,0,Delivery,0,1.21,33.6844,73.0479
Downtown,2024-05-18,40,9000277,C96734,1001,Cheese Burger,Burgers,6.5,0.0,33.8,5.2,0,0,DineIn,0,3.58,33.6844,73.0479
Downtown,2024-05-19,21,9000279,C53966,1032,BBQ Chicken Pizza,Pizzas,14.5,0.0,39.59,6.09,0,0,Delivery,0,7.98,33.6844,73.0479
Downtown,2024-05-20,29,9000281,C58169,1050,Lemonade,Drinks,2.2,0.0,8.29,1.28,0,0,DineIn,0,1.21,33.6844,73.0479
Downtown,2024-05-21,29,9000283,C56206,1001,Cheese Burger,Burgers,6.5,0.0,24.51,3.77,0,0,Delivery,0,3.58,33.6844,73.0479
Downtown,2024-05-22,33,9000285,C62161,1032,BBQ Chicken Pizza,Pizzas,14.5,0.0,62.21,9.57,0,0,DineIn,0,7.98,33.6844,73.0479
Downtown,2024-05-23,28,9000287,C63462,1050,Lemonade,Drinks,2.2,0.0,8.01,1.23,0,0,Delivery,0,1.21,33.6844,73.0479
Downtown,2024-05-24,30,9000289,C58032,1001,Cheese Burger,Burgers,6.5,0.0,25.35,3.9,0,0,DineIn,0,3.58,33.6844,73.0479
Downtown,2024-05-25,41,9000291,C82724,1032,BBQ Chicken Pizza,Pizzas,14.5,0.0,77.28,11.89,0,0,Delivery,0,7.98,33.6844,73.0479
Downtown,2024-05-26,33,9000293,C43802,1050,Lemonade,Drinks,2.2,0.0,9.44,1.45,0,0,DineIn,0,1.21,33.6844,73.0479
Downtown,2024-05-27,19,9000295,C20123,1001,Cheese Burger,Burgers,6.5,0.0,16.05,2.47,0,0,Delivery,0,3.58,33.6844,73.0479
Downtown,2024-05-28,31,9000297,C97129,1032,BBQ Chicken Pizza,Pizzas,14.5,44.95,52.59,8.09,0,0,DineIn,1,7.98,33.6844,73.0479
Downtown,2024-05-29,21,9000299,C43092,1050,Lemonade,Drinks,2.2,0.0,6.01,0.92,0,0,Delivery,0,1.21,33.6844,73.0479
Downtown,2024-05-30,22,9000301,C46949,1001,Cheese Burger,Burgers,6.5,0.0,18.59,2.86,0,0,DineIn,0,3.58,33.6844,73.0479
Downtown,2024-05-31,41,9000303,C83188,1032,BBQ Chicken Pizza,Pizzas,14.5,0.0,77.28,11.89,0,0,Delivery,0,7.98,33.6844,73.0479
Downtown,2024-06-01,27,9000305,C58667,1050,Lemonade,Drinks,2.2,0.0,7.72,1.19,0,0,DineIn,0,1.21,33.6844,73.0479
Downtown,2024-06-02,41,9000307,C48613,1001,Cheese Burger,Burgers,6.5,26.65,31.18,4.8,0,0,Delivery,1,3.58,33.6844,73.0479
Downtown,2024-06-03,25,9000309,C52234,1032,BBQ Chicken Pizza,Pizzas,14.5,0.0,47.12,7.25,0,0,DineIn,0,7.98,33.6844,73.0479
Downtown,2024-06-04,30,9000311,C84551,1050,Lemonade,Drinks,2.2,0.0,8.58,1.32,0,0,Delivery,0,1.21,33.6844,73.0479
Downtown,2024-06-05,20,9000313,C61417,1001,Cheese Burger,Burgers,6.5,0.0,16.9,2.6,0,0,DineIn,0,3.58,33.6844,73.0479
Downtown,2024-06-06,25,9000315,C96328,1032,BBQ Chicken Pizza,Pizzas,14.5,0.0,47.12,7.25,0,0,Delivery,0,7.98,33.6844,73.0479
Downtown,2024-06-07,43,9000317,C19138,1050,Lemonade,Drinks,2.2,0.0,12.3,1.89,0,0,DineIn,0,1.21,33.6844,73.0479
Downtown,2024-06-08,45,9000319,C57734,1001,Cheese Burger,Burgers,6.5,29.25,34.22,5.26,0,0,Delivery,1,3.58,33.6844,73.0479
Downtown,2024-06-09,36,9000321,C72321,1032,BBQ Chicken Pizza,Pizzas,14.5,0.0,67.86,10.44,0,0,DineIn,0,7.98,33.6844,73.0479
Downtown,2024-06-10,28,9000323,C33621,1050,Lemonade,Drinks,2.2,0.0,8.01,1.23,0,0,Delivery,0,1.21,33.6844,73.0479
Downtown,2024-06-11,27,9000325,C62806,1001,Cheese Burger,Burgers,6.5,17.55,20.53,3.16,0,0,DineIn,1,3.58,33.6844,73.0479
Downtown,2024-06-12,26,9000327,C20019,1032,BBQ Chicken Pizza,Pizzas,14.5,0.0,49.01,7.54,0,0,Delivery,0,7.98,33.6844,73.0479
Downtown,2024-06-13,25,9000329,C79712,1050,Lemonade,Drinks,2.2,0.0,7.15,1.1,0,0,DineIn,0,1.21,33.6844,73.0479
Downtown,2024-06-14,26,9000331,C90224,1001,Cheese Burger,Burgers,6.5,0.0,21.97,3.38,0,0,Delivery,0,3.58,33.6844,73.0479
Downtown,2024-06-15,30,9000333,C35873,1032,BBQ Chicken Pizza,Pizzas,14.5,0.0,56.55,8.7,0,0,DineIn,0,7.98,33.6844,73.0479
Downtown,2024-06-16,22,9000335,C18424,1050,Lemonade,Drinks,2.2,0.0,6.29,0.97,0,0,Delivery,0,1.21,33.6844,73.0479
Downtown,2024-06-17,33,9000337,C55010,1001,Cheese Burger,Burgers,6.5,21.45,25.1,3.86,0,0,DineIn,1,3.58,33.6844,73.0479
Downtown,2024-06-18,33,9000339,C77875,1032,BBQ Chicken Pizza,Pizzas,14.5,0.0,62.21,9.57,0,0,Delivery,0,7.98,33.6844,73.0479
Downtown,2024-06-19,22,9000341,C35354,1050,Lemonade,Drinks,2.2,0.0,6.29,0.97,0,0,DineIn,0,1.21,33.6844,73.0479
Downtown,2024-06-20,26,9000343,C35624,1001,Cheese Burger,Burgers,6.5,0.0,21.97,3.38,0,0,Delivery,0,3.58,33.6844,73.0479
Downtown,2024-06-21,40,9000345,C52399,1032,BBQ Chicken Pizza,Pizzas,14.5,0.0,75.4,11.6,0,0,DineIn,0,7.98,33.6844,73.0479
Downtown,2024-06-22,37,9000347,C67888,1050,Lemonade,Drinks,2.2,0.0,10.58,1.63,0,0,Delivery,0,1.21,33.6844,73.0479
Downtown,2024-06-23,24,9000349,C94152,1001,Cheese Burger,Burgers,6.5,0.0,20.28,3.12,0,0,DineIn,0,3.58,33.6844,73.0479
Downtown,2024-06-24,29,9000351,C23333,1032,BBQ Chicken Pizza,Pizzas,14.5,42.05,49.2,7.57,0,0,Delivery,1,7.98,33.6844,73.0479
Downtown,2024-06-25,31,9000353,C99371,1050,Lemonade,Drinks,2.2,0.0,8.87,1.36,0,0,DineIn,0,1.21,33.6844,73.0479
Downtown,2024-06-26,25,9000355,C81284,1001,Cheese Burger,Burgers,6.5,0.0,21.12,3.25,0,0,Delivery,0,3.58,33.6844,73.0479
Downtown,2024-06-27,33,9000357,C32934,1032,BBQ Chicken Pizza,Pizzas,14.5,0.0,62.21,9.57,0,0,DineIn,0,7.98,33.6844,73.0479
Downtown,2024-06-28,35,9000359,C95067,1050,Lemonade,Drinks,2.2,0.0,10.01,1.54,0,0,Delivery,0,1.21,33.6844,73.0479
Downtown,2024-06-29,35,9000361,C84675,1001,Cheese Burger,Burgers,6.5,0.0,29.57,4.55,0,0,DineIn,0,3.58,33.6844,73.0479
Downtown,2024-06-30,18,9000363,C65899,1032,BBQ Chicken Pizza,Pizzas,14.5,0.0,33.93,5.22,0,0,Delivery,0,7.98,33.6844,73.0479
Downtown,2024-07-01,26,9000365,C31762,1050,Lemonade,Drinks,2.2,0.0,7.44,1.14,0,0,DineIn,0,1.21,33.6844,73.0479
Downtown,2024-07-02,27,9000367,C49373,1001,Cheese Burger,Burgers,6.5,17.55,20.53,3.16,0,0,Delivery,1,3.58,33.6844,73.0479
Downtown,2024-07-03,24,9000369,C78180,1032,BBQ Chicken Pizza,Pizzas,14.5,0.0,45.24,6.96,0,0,DineIn,0,7.98,33.6844,73.0479
Downtown,2024-07-04,19,9000371,C60765,1050,Lemonade,Drinks,2.2,0.0,5.43,0.84,0,0,Delivery,0,1.21,33.6844,73.0479
Downtown,2024-07-05,29,9000373,C62741,1001,Cheese Burger,Burgers,6.5,0.0,24.51,3.77,0,0,DineIn,0,3.58,33.6844,73.0479
Downtown,2024-07-06,38,9000375,C81136,1032,BBQ Chicken Pizza,Pizzas,14.5,0.0,71.63,11.02,0,0,Delivery,0,7.98,33.6844,73.0479
Downtown,2024-07-07,20,9000377,C93631,1050,Lemonade,Drinks,2.2,0.0,5.72,0.88,0,0,DineIn,0,1.21,33.6844,73.0479
Downtown,2024-07-08,27,9000379,C34836,1001,Cheese Burger,Burgers,6.5,0.0,22.82,3.51,0,0,Delivery,0,3.58,33.6844,73.0479
Downtown,2024-07-09,20,9000381,C19864,1032,BBQ Chicken Pizza,Pizzas,14.5,0.0,37.7,5.8,0,0,DineIn,0,7.98,33.6844,73.0479
Downtown,2024-07-10,34,9000383,C30338,1050,Lemonade,Drinks,2.2,7.48,8.75,1.35,0,0,Delivery,1,1.21,33.6844,73.0479
Downtown,2024-07-11,21,9000385,C50301,1001,Cheese Burger,Burgers,6.5,0.0,17.75,2.73,0,0,DineIn,0,3.58,33.6844,73.0479
Downtown,2024-07-12,34,9000387,C38530,1032,BBQ Chicken Pizza,Pizzas,14.5,0.0,64.09,9.86,0,0,Delivery,0,7.98,33.6844,73.0479
Downtown,2024-07-13,32,9000389,C44054,1050,Lemonade,Drinks,2.2,0.0,9.15,1.41,0,0,DineIn,0,1.21,33.6844,73.0479
Downtown,2024-07-14,30,9000391,C38286,1001,Cheese Burger,Burgers,6.5,19.5,22.82,3.51,0,0,Delivery,1,3.58,33.6844,73.0479
Downtown,2024-07-15,17,9000393,C96964,1032,BBQ Chicken Pizza,Pizzas,14.5,0.0,32.05,4.93,0,0,DineIn,0,7.98,33.6844,73.0479
Downtown,2024-07-16,25,9000395,C35522,1050,Lemonade,Drinks,2.2,0.0,7.15,1.1,0,0,Delivery,0,1.21,33.6844,73.0479
Downtown,2024-07-17,28,9000397,C29102,1001,Cheese Burger,Burgers,6.5,0.0,23.66,3.64,0,0,DineIn,0,3.58,33.6844,73.0479
Downtown,2024-07-18,21,9000399,C83048,1032,BBQ Chicken Pizza,Pizzas,14.5,0.0,39.59,6.09,0,0,Delivery,0,7.98,33.6844,73.0479
Downtown,2024-07-19,26,9000401,C48654,1050,Lemonade,Drinks,2.2,0.0,7.44,1.14,0,0,DineIn,0,1.21,33.6844,73.0479
Downtown,2024-07-20,34,9000403,C62067,1001,Cheese Burger,Burgers,6.5,0.0,28.73,4.42,0,0,Delivery,0,3.58,33.6844,73.0479
Downtown,2024-07-21,30,9000405,C58691,1032,BBQ Chicken Pizza,Pizzas,14.5,0.0,56.55,8.7,0,0,DineIn,0,7.98,33.6844,73.0479
Downtown,2024-07-22,21,9000407,C36187,1050,Lemonade,Drinks,2.2,0.0,6.01,0.92,0,0,Delivery,0,1.21,33.6844,73.0479
Downtown,2024-07-23,24,9000409,C99488,1001,Cheese Burger,Burgers,6.5,0.0,20.28,3.12,0,0,DineIn,0,3.58,33.6844,73.0479
Downtown,2024-07-24,24,9000411,C11045,1032,BBQ Chicken Pizza,Pizzas,14.5,0.0,45.24,6.96,0,0,Delivery,0,7.98,33.6844,73.0479
Downtown,2024-07-25,30,9000413,C75269,1050,Lemonade,Drinks,2.2,0.0,8.58,1.32,0,0,DineIn,0,1.21,33.6844,73.0479
Downtown,2024-07-26,24,9000415,C23929,1001,Cheese Burger,Burgers,6.5,0.0,20.28,3.12,0,0,Delivery,0,3.58,33.6844,73.0479
Downtown,2024-07-27,24,9000417,C79718,1032,BBQ Chicken Pizza,Pizzas,14.5,0.0,45.24,6.96,0,0,DineIn,0,7.98,33.6844,73.0479
Downtown,2024-07-28,27,9000419,C91586,1050,Lemonade,Drinks,2.2,0.0,7.72,1.19,0,0,Delivery,0,1.21,33.6844,73.0479
Downtown,2024-07-29,21,9000421,C85636,1001,Cheese Burger,Burgers,6.5,0.0,17.75,2.73,0,0,DineIn,0,3.58,33.6844,73.0479
Downtown,2024-07-30,36,9000423,C50193,1032,BBQ Chicken Pizza,Pizzas,14.5,52.2,61.07,9.4,0,0,Delivery,1,7.98,33.6844,73.0479
Downtown,2024-07-31,28,9000425,C49237,1050,Lemonade,Drinks,2.2,0.0,8.01,1.23,0,0,DineIn,0,1.21,33.6844,73.0479
Downtown,2024-08-01,27,9000427,C15032,1001,Cheese Burger,Burgers,6.5,0.0,22.82,3.51,0,0,Delivery,0,3.58,33.6844,73.0479
Downtown,2024-08-02,26,9000429,C10222,1032,BBQ Chicken Pizza,Pizzas,14.5,0.0,49.01,7.54,0,0,DineIn,0,7.98,33.6844,73.0479
Downtown,2024-08-03,32,9000431,C37899,1050,Lemonade,Drinks,2.2,0.0,9.15,1.41,0,0,Delivery,0,1.21,33.6844,73.0479
Downtown,2024-08-04,20,9000433,C94594,1001,Cheese Burger,Burgers,6.5,0.0,16.9,2.6,0,0,DineIn,0,3.58,33.6844,73.0479
Downtown,2024-08-05,25,9000435,C87831,1032,BBQ Chicken Pizza,Pizzas,14.5,0.0,47.12,7.25,0,0,Delivery,0,7.98,33.6844,73.0479
Downtown,2024-08-06,25,9000437,C86128,1050,Lemonade,Drinks,2.2,5.5,6.44,0.99,0,0,DineIn,1,1.21,33.6844,73.0479
Downtown,2024-08-07,14,9000439,C29759,1001,Cheese Burger,Burgers,6.5,0.0,11.83,1.82,0,0,Delivery,0,3.58,33.6844,73.0479
Downtown,2024-08-08,37,9000441,C26159,1032,BBQ Chicken Pizza,Pizzas,14.5,0.0,69.75,10.73,0,0,DineIn,0,7.98,33.6844,73.0479
Downtown,2024-08-09,19,9000443,C72933,1050,Lemonade,Drinks,2.2,0.0,5.43,0.84,0,0,Delivery,0,1.21,33.6844,73.0479
Downtown,2024-08-10,35,9000445,C27520,1001,Cheese Burger,Burgers,6.5,0.0,29.57,4.55,0,0,DineIn,0,3.58,33.6844,73.0479
Downtown,2024-08-11,20,9000447,C88786,1032,BBQ Chicken Pizza,Pizzas,14.5,0.0,37.7,5.8,0,0,Delivery,0,7.98,33.6844,73.0479
Downtown,2024-08-12,20,9000449,C31844,1050,Lemonade,Drinks,2.2,0.0,5.72,0.88,0,0,DineIn,0,1.21,33.6844,73.0479
Downtown,2024-08-13,20,9000451,C62780,1001,Cheese Burger,Burgers,6.5,0.0,16.9,2.6,0,0,Delivery,0,3.58,33.6844,73.0479
Downtown,2024-08-14,23,9000453,C66546,1032,BBQ Chicken Pizza,Pizzas,14.5,0.0,43.36,6.67,0,0,DineIn,0,7.98,33.6844,73.0479
Downtown,2024-08-15,20,9000455,C45490,1050,Lemonade,Drinks,2.2,0.0,5.72,0.88,0,0,Delivery,0,1.21,33.6844,73.0479
Downtown,2024-08-16,34,9000457,C17939,1001,Cheese Burger,Burgers,6.5,22.1,25.86,3.98,0,0,DineIn,1,3.58,33.6844,73.0479
Downtown,2024-08-17,36,9000459,C65614,1032,BBQ Chicken Pizza,Pizzas,14.5,0.0,67.86,10.44,0,0,Delivery,0,7.98,33.6844,73.0479
Downtown,2024-08-18,21,9000461,C79456,1050,Lemonade,Drinks,2.2,0.0,6.01,0.92,0,0,DineIn,0,1.21,33.6844,73.0479
Downtown,2024-08-19,21,9000463,C23986,1001,Cheese Burger,Burgers,6.5,0.0,17.75,2.73,0,0,Delivery,0,3.58,33.6844,73.0479
Downtown,2024-08-20,23,9000465,C29830,1032,BBQ Chicken Pizza,Pizzas,14.5,0.0,43.36,6.67,0,0,DineIn,0,7.98,33.6844,73.0479
Downtown,2024-08-21,17,9000467,C42163,1050,Lemonade,Drinks,2.2,0.0,4.86,0.75,0,0,Delivery,0,1.21,33.6844,73.0479
Downtown,2024-08-22,17,9000469,C21344,1001,Cheese Burger,Burgers,6.5,0.0,14.37,2.21,0,0,DineIn,0,3.58,33.6844,73.0479
Downtown,2024-08-23,28,9000471,C15513,1032,BBQ Chicken Pizza,Pizzas,14.5,0.0,52.78,8.12,0,0,Delivery,0,7.98,33.6844,73.0479
Downtown,2024-08-24,32,9000473,C59659,1050,Lemonade,Drinks,2.2,0.0,9.15,1.41,0,0,DineIn,0,1.21,33.6844,73.0479
Downtown,2024-08-25,43,9000475,C79364,1001,Cheese Burger,Burgers,6.5,27.95,32.7,5.03,0,0,Delivery,1,3.58,33.6844,73.0479
Downtown,2024-08-26,19,9000477,C58489,1032,BBQ Chicken Pizza,Pizzas,14.5,0.0,35.81,5.51,0,0,DineIn,0,7.98,33.6844,73.0479
Downtown,2024-08-27,30,9000479,C76647,1050,Lemonade,Drinks,2.2,6.6,7.72,1.19,0,0,Delivery,1,1.21,33.6844,73.0479
Midtown,2024-01-01,22,9000002,C88618,1050,Lemonade,Drinks,2.2,0.0,6.29,0.97,0,0,Delivery,0,1.21,24.8607,67.0011
Midtown,2024-01-02,18,9000004,C50056,1001,Cheese Burger,Burgers,6.5,0.0,15.21,2.34,0,0,DineIn,0,3.58,24.8607,67.0011
Midtown,2024-01-03,14,9000006,C99005,1032,BBQ Chicken Pizza,Pizzas,14.5,0.0,26.39,4.06,0,0,Delivery,0,7.98,24.8607,67.0011
Midtown,2024-01-04,18,9000008,C56339,1050,Lemonade,Drinks,2.2,0.0,5.15,0.79,0,0,DineIn,0,1.21,24.8607,67.0011
Midtown,2024-01-05,25,9000010,C32276,1001,Cheese Burger,Burgers,6.5,0.0,21.12,3.25,0,0,Delivery,0,3.58,24.8607,67.0011
Midtown,2024-01-06,23,9000012,C89229,1032,BBQ Chicken Pizza,Pizzas,14.5,0.0,43.36,6.67,0,0,DineIn,0,7.98,24.8607,67.0011
Midtown,2024-01-07,18,9000014,C58702,1050,Lemonade,Drinks,2.2,0.0,5.15,0.79,0,0,Delivery,0,1.21,24.8607,67.0011
Midtown,2024-01-08,16,9000016,C44886,1001,Cheese Burger,Burgers,6.5,0.0,13.52,2.08,0,0,DineIn,0,3.58,24.8607,67.0011
Midtown,2024-01-09,21,9000018,C67419,1032,BBQ Chicken Pizza,Pizzas,14.5,0.0,39.59,6.09,0,0,Delivery,0,7.98,24.8607,67.0011
Midtown,2024-01-10,31,9000020,C18703,1050,Lemonade,Drinks,2.2,0.0,8.87,1.36,0,0,DineIn,0,1.21,24.8607,67.0011
Midtown,2024-01-11,13,9000022,C69598,1001,Cheese Burger,Burgers,6.5,0.0,10.99,1.69,0,0,Delivery,0,3.58,24.8607,67.0011
Midtown,2024-01-12,24,9000024,C23091,1032,BBQ Chicken Pizza,Pizzas,14.5,0.0,45.24,6.96,0,0,DineIn,0,7.98,24.8607,67.0011
Midtown,2024-01-13,22,9000026,C43865,1050,Lemonade,Drinks,2.2,0.0,6.29,0.97,0,0,Delivery,0,1.21,24.8607,67.0011
Midtown,2024-01-14,22,9000028,C59286,1001,Cheese Burger,Burgers,6.5,14.3,16.73,2.57,0,0,DineIn,1,3.58,24.8607,67.0011
Midtown,2024-01-15,24,9000030,C21060,1032,BBQ Chicken Pizza,Pizzas,14.5,34.8,40.72,6.26,0,0,Delivery,1,7.98,24.8607,67.0011
Midtown,2024-01-16,17,9000032,C71530,1050,Lemonade,Drinks,2.2,0.0,4.86,0.75,0,0,DineIn,0,1.21,24.8607,67.0011
Midtown,2024-01-17,23,9000034,C94006,1001,Cheese Burger,Burgers,6.5,0.0,19.44,2.99,0,0,Delivery,0,3.58,24.8607,67.0011
Midtown,2024-01-18,23,9000036,C66560,1032,BBQ Chicken Pizza,Pizzas,14.5,0.0,43.36,6.67,0,0,DineIn,0,7.98,24.8607,67.0011
Midtown,2024-01-19,18,9000038,C42681,1050,Lemonade,Drinks,2.2,0.0,5.15,0.79,0,0,Delivery,0,1.21,24.8607,67.0011
Midtown,2024-01-20,34,9000040,C34436,1001,Cheese Burger,Burgers,6.5,0.0,28.73,4.42,0,0,DineIn,0,3.58,24.8607,67.0011
Midtown,2024-01-21,22,9000042,C90687,1032,BBQ Chicken Pizza,Pizzas,14.5,0.0,41.47,6.38,0,0,Delivery,0,7.98,24.8607,67.0011
Midtown,2024-01-22,11,9000044,C93047,1050,Lemonade,Drinks,2.2,0.0,3.15,0.48,0,0,DineIn,0,1.21,24.8607,67.0011
Midtown,2024-01-23,21,9000046,C82542,1001,Cheese Burger,Burgers,6.5,0.0,17.75,2.73,0,0,Delivery,0,3.58,24.8607,67.0011
Midtown,2024-01-24,15,9000048,C14563,1032,BBQ Chicken Pizza,Pizzas,14.5,0.0,28.28,4.35,0,0,DineIn,0,7.98,24.8607,67.0011
Midtown,2024-01-25,20,9000050,C53127,1050,Lemonade,Drinks,2.2,0.0,5.72,0.88,0,0,Delivery,0,1.21,24.8607,67.0011
Midtown,2024-01-26,25,9000052,C66528,1001,Cheese Burger,Burgers,6.5,0.0,21.12,3.25,0,0,DineIn,0,3.58,24.8607,67.0011
Midtown,2024-01-27,36,9000054,C83369,1032,BBQ Chicken Pizza,Pizzas,14.5,52.2,61.07,9.4,0,0,Delivery,1,7.98,24.8607,67.0011
Midtown,2024-01-28,6,9000056,C14198,1050,Lemonade,Drinks,2.2,0.0,1.72,0.26,0,0,DineIn,0,1.21,24.8607,67.0011
Midtown,2024-01-29,14,9000058,C61034,1001,Cheese Burger,Burgers,6.5,0.0,11.83,1.82,0,0,Delivery,0,3.58,24.8607,67.0011
Midtown,2024-01-30,31,9000060,C58455,1032,BBQ Chicken Pizza,Pizzas,14.5,44.95,52.59,8.09,0,0,DineIn,1,7.98,24.8607,67.0011
Midtown,2024-01-31,24,9000062,C13571,1050,Lemonade,Drinks,2.2,0.0,6.86,1.06,0,0,Delivery,0,1.21,24.8607,67.0011
Midtown,2024-02-01,23,9000064,C66394,1001,Cheese Burger,Burgers,6.5,0.0,19.44,2.99,0,0,DineIn,0,3.58,24.8607,67.0011
Midtown,2024-02-02,30,9000066,C79016,1032,BBQ Chicken Pizza,Pizzas,14.5,0.0,56.55,8.7,0,0,Delivery,0,7.98,24.8607,67.0011
Midtown,2024-02-03,26,9000068,C18662,1050,Lemonade,Drinks,2.2,0.0,7.44,1.14,0,0,DineIn,0,1.21,24.8607,67.0011
Midtown,2024-02-04,14,9000070,C74983,1001,Cheese Burger,Burgers,6.5,0.0,11.83,1.82,0,0,Delivery,0,3.58,24.8607,67.0011
Midtown,2024-02-05,17,9000072,C95031,1032,BBQ Chicken Pizza,Pizzas,14.5,0.0,32.05,4.93,0,0,DineIn,0,7.98,24.8607,67.0011
Midtown,2024-02-06,13,9000074,C44252,1050,Lemonade,Drinks,2.2,0.0,3.72,0.57,0,0,Delivery,0,1.21,24.8607,67.0011
Midtown,2024-02-07,15,9000076,C58556,1001,Cheese Burger,Burgers,6.5,0.0,12.68,1.95,0,0,DineIn,0,3.58,24.8607,67.0011
Midtown,2024-02-08,20,9000078,C77745,1032,BBQ Chicken Pizza,Pizzas,14.5,0.0,37.7,5.8,0,0,Delivery,0,7.98,24.8607,67.0011
Midtown,2024-02-09,25,9000080,C21988,1050,Lemonade,Drinks,2.2,5.5,6.44,0.99,0,0,DineIn,1,1.21,24.8607,67.0011
Midtown,2024-02-10,26,9000082,C84950,1001,Cheese Burger,Burgers,6.5,0.0,21.97,3.38,0,0,Delivery,0,3.58,24.8607,67.0011
Midtown,2024-02-11,21,9000084,C73978,1032,BBQ Chicken Pizza,Pizzas,14.5,0.0,39.59,6.09,0,0,DineIn,0,7.98,24.8607,67.0011
Midtown,2024-02-12,22,9000086,C27175,1050,Lemonade,Drinks,2.2,4.84,5.66,0.87,0,0,Delivery,1,1.21,24.8607,67.0011
Midtown,2024-02-13,23,9000088,C26584,1001,Cheese Burger,Burgers,6.5,0.0,19.44,2.99,0,0,DineIn,0,3.58,24.8607,67.0011
Midtown,2024-02-14,23,9000090,C26599,1032,BBQ Chicken Pizza,Pizzas,14.5,0.0,43.36,6.67,0,0,Delivery,0,7.98,24.8607,67.0011
Midtown,2024-02-15,20,9000092,C47778,1050,Lemonade,Drinks,2.2,0.0,5.72,0.88,0,0,DineIn,0,1.21,24.8607,67.0011
Midtown,2024-02-16,33,9000094,C84756,1001,Cheese Burger,Burgers,6.5,0.0,27.89,4.29,0,0,Delivery,0,3.58,24.8607,67.0011
Midtown,2024-02-17,33,9000096,C84278,1032,BBQ Chicken Pizza,Pizzas,14.5,0.0,62.21,9.57,0,0,DineIn,0,7.98,24.8607,67.0011
Midtown,2024-02-18,30,9000098,C50164,1050,Lemonade,Drinks,2.2,6.6,7.72,1.19,0,0,Delivery,1,1.21,24.8607,67.0011
Midtown,2024-02-19,19,9000100,C16084,1001,Cheese Burger,Burgers,6.5,0.0,16.05,2.47,0,0,DineIn,0,3.58,24.8607,67.0011
Midtown,2024-02-20,16,9000102,C50951,1032,BBQ Chicken Pizza,Pizzas,14.5,0.0,30.16,4.64,0,0,Delivery,0,7.98,24.8607,67.0011
Midtown,2024-02-21,13,9000104,C55299,1050,Lemonade,Drinks,2.2,0.0,3.72,0.57,0,0,DineIn,0,1.21,24.8607,67.0011
Midtown,2024-02-22,16,9000106,C70287,1001,Cheese Burger,Burgers,6.5,0.0,13.52,2.08,0,0,Delivery,0,3.58,24.8607,67.0011
Midtown,2024-02-23,23,9000108,C58258,1032,BBQ Chicken Pizza,Pizzas,14.5,0.0,43.36,6.67,0,0,DineIn,0,7.98,24.8607,67.0011
Midtown,2024-02-24,20,9000110,C20187,1050,Lemonade,Drinks,2.2,0.0,5.72,0.88,0,0,Delivery,0,1.21,24.8607,67.0011
Midtown,2024-02-25,21,9000112,C38381,1001,Cheese Burger,Burgers,6.5,0.0,17.75,2.73,0,0,DineIn,0,3.58,24.8607,67.0011
Midtown,2024-02-26,24,9000114,C78485,1032,BBQ Chicken Pizza,Pizzas,14.5,0.0,45.24,6.96,0,0,Delivery,0,7.98,24.8607,67.0011
Midtown,2024-02-27,17,9000116,C76210,1050,Lemonade,Drinks,2.2,0.0,4.86,0.75,0,0,DineIn,0,1.21,24.8607,67.0011
Midtown,2024-02-28,14,9000118,C94296,1001,Cheese Burger,Burgers,6.5,0.0,11.83,1.82,0,0,Delivery,0,3.58,24.8607,67.0011
Midtown,2024-02-29,30,9000120,C82160,1032,BBQ Chicken Pizza,Pizzas,14.5,43.5,50.9,7.83,0,0,DineIn,1,7.98,24.8607,67.0011
Midtown,2024-03-01,30,9000122,C72290,1050,Lemonade,Drinks,2.2,0.0,8.58,1.32,0,0,Delivery,0,1.21,24.8607,67.0011
Midtown,2024-03-02,15,9000124,C79224,1001,Cheese Burger,Burgers,6.5,0.0,12.68,1.95,0,0,DineIn,0,3.58,24.8607,67.0011
Midtown,2024-03-03,30,9000126,C46815,1032,BBQ Chicken Pizza,Pizzas,14.5,43.5,50.9,7.83,0,0,Delivery,1,7.98,24.8607,67.0011
Midtown,2024-03-04,28,9000128,C60229,1050,Lemonade,Drinks,2.2,0.0,8.01,1.23,0,0,DineIn,0,1.21,24.8607,67.0011
Midtown,2024-03-05,21,9000130,C16674,1001,Cheese Burger,Burgers,6.5,0.0,17.75,2.73,0,0,Delivery,0,3.58,24.8607,67.0011
Midtown,2024-03-06,23,9000132,C50885,1032,BBQ Chicken Pizza,Pizzas,14.5,0.0,43.36,6.67,0,0,DineIn,0,7.98,24.8607,67.0011
Midtown,2024-03-07,24,9000134,C65834,1050,Lemonade,Drinks,2.2,0.0,6.86,1.06,0,0,Delivery,0,1.21,24.8607,67.0011
Midtown,2024-03-08,28,9000136,C45647,1001,Cheese Burger,Burgers,6.5,0.0,23.66,3.64,0,0,DineIn,0,3.58,24.8607,67.0011
Midtown,2024-03-09,30,9000138,C40422,1032,BBQ Chicken Pizza,Pizzas,14.5,0.0,56.55,8.7,0,0,Delivery,0,7.98,24.8607,67.0011
Midtown,2024-03-10,25,9000140,C74159,1050,Lemonade,Drinks,2.2,0.0,7.15,1.1,0,0,DineIn,0,1.21,24.8607,67.0011
Midtown,2024-03-11,19,9000142,C62523,1001,Cheese Burger,Burgers,6.5,0.0,16.05,2.47,0,0,Delivery,0,3.58,24.8607,67.0011
Midtown,2024-03-12,18,9000144,C99914,1032,BBQ Chicken Pizza,Pizzas,14.5,0.0,33.93,5.22,0,0,DineIn,0,7.98,24.8607,67.0011
Midtown,2024-03-13,26,9000146,C34020,1050,Lemonade,Drinks,2.2,0.0,7.44,1.14,0,0,Delivery,0,1.21,24.8607,67.0011
Midtown,2024-03-14,19,9000148,C27821,1001,Cheese Burger,Burgers,6.5,0.0,16.05,2.47,0,0,DineIn,0,3.58,24.8607,67.0011
Midtown,2024-03-15,23,9000150,C51225,1032,BBQ Chicken Pizza,Pizzas,14.5,0.0,43.36,6.67,0,0,Delivery,0,7.98,24.8607,67.0011
Midtown,2024-03-16,30,9000152,C79345,1050,Lemonade,Drinks,2.2,0.0,8.58,1.32,0,0,DineIn,0,1.21,24.8607,67.0011
Midtown,2024-03-17,25,9000154,C67901,1001,Cheese Burger,Burgers,6.5,16.25,19.01,2.93,0,0,Delivery,1,3.58,24.8607,67.0011
Midtown,2024-03-18,17,9000156,C66790,1032,BBQ Chicken Pizza,Pizzas,14.5,0.0,32.05,4.93,0,0,DineIn,0,7.98,24.8607,67.0011
Midtown,2024-03-19,23,9000158,C79464,1050,Lemonade,Drinks,2.2,0.0,6.58,1.01,0,0,Delivery,0,1.21,24.8607,67.0011
Midtown,2024-03-20,28,9000160,C53926,1001,Cheese Burger,Burgers,6.5,0.0,23.66,3.64,0,0,DineIn,0,3.58,24.8607,67.0011
Midtown,2024-03-21,16,9000162,C40945,1032,BBQ Chicken Pizza,Pizzas,14.5,0.0,30.16,4.64,0,0,Delivery,0,7.98,24.8607,67.0011
Midtown,2024-03-22,18,9000164,C67583,1050,Lemonade,Drinks,2.2,0.0,5.15,0.79,0,0,DineIn,0,1.21,24.8607,67.0011
Midtown,2024-03-23,24,9000166,C11356,1001,Cheese Burger,Burgers,6.5,0.0,20.28,3.12,0,0,Delivery,0,3.58,24.8607,67.0011
Midtown,2024-03-24,18,9000168,C65540,1032,BBQ Chicken Pizza,Pizzas,14.5,0.0,33.93,5.22,0,0,DineIn,0,7.98,24.8607,67.0011
Midtown,2024-03-25,22,9000170,C14450,1050,Lemonade,Drinks,2.2,0.0,6.29,0.97,0,0,Delivery,0,1.21,24.8607,67.0011
Midtown,2024-03-26,21,9000172,C38367,1001,Cheese Burger,Burgers,6.5,0.0,17.75,2.73,0,0,DineIn,0,3.58,24.8607,67.0011
Midtown,2024-03-27,22,9000174,C56158,1032,BBQ Chicken Pizza,Pizzas,14.5,0.0,41.47,6.38,0,0,Delivery,0,7.98,24.8607,67.0011
Midtown,2024-03-28,14,9000176,C16974,1050,Lemonade,Drinks,2.2,0.0,4.0,0.62,0,0,DineIn,0,1.21,24.8607,67.0011
Midtown,2024-03-29,32,9000178,C35057,1001,Cheese Burger,Burgers,6.5,0.0,27.04,4.16,0,0,Delivery,0,3.58,24.8607,67.0011
Midtown,2024-03-30,21,9000180,C80826,1032,BBQ Chicken Pizza,Pizzas,14.5,0.0,39.59,6.09,0,0,DineIn,0,7.98,24.8607,67.0011
Midtown,2024-03-31,29,9000182,C34082,1050,Lemonade,Drinks,2.2,0.0,8.29,1.28,0,0,Delivery,0,1.21,24.8607,67.0011
Midtown,2024-04-01,20,9000184,C13169,1001,Cheese Burger,Burgers,6.5,0.0,16.9,2.6,0,0,DineIn,0,3.58,24.8607,67.0011
Midtown,2024-04-02,24,9000186,C64728,1032,BBQ Chicken Pizza,Pizzas,14.5,34.8,40.72,6.26,0,0,Delivery,1,7.98,24.8607,67.0011
Midtown,2024-04-03,22,9000188,C78194,1050,Lemonade,Drinks,2.2,0.0,6.29,0.97,0,0,DineIn,0,1.21,24.8607,67.0011
Midtown,2024-04-04,23,9000190,C44873,1001,Cheese Burger,Burgers,6.5,0.0,19.44,2.99,0,0,Delivery,0,3.58,24.8607,67.0011
Midtown,2024-04-05,24,9000192,C87389,1032,BBQ Chicken Pizza,Pizzas,14.5,0.0,45.24,6.96,0,0,DineIn,0,7.98,24.8607,67.0011
Midtown,2024-04-06,19,9000194,C34399,1050,Lemonade,Drinks,2.2,0.0,5.43,0.84,0,0,Delivery,0,1.21,24.8607,67.0011
Midtown,2024-04-07,17,9000196,C93026,1001,Cheese Burger,Burgers,6.5,0.0,14.37,2.21,0,0,DineIn,0,3.58,24.8607,67.0011
Midtown,2024-04-08,19,9000198,C89629,1032,BBQ Chicken Pizza,Pizzas,14.5,0.0,35.81,5.51,0,0,Delivery,0,7.98,24.8607,67.0011
Midtown,2024-04-09,25,9000200,C88035,1050,Lemonade,Drinks,2.2,5.5,6.44,0.99,0,0,DineIn,1,1.21,24.8607,67.0011
Midtown,2024-04-10,24,9000202,C52259,1001,Cheese Burger,Burgers,6.5,15.6,18.25,2.81,0,0,Delivery,1,3.58,24.8607,67.0011
Midtown,2024-04-11,30,9000204,C61106,1032,BBQ Chicken Pizza,Pizzas,14.5,0.0,56.55,8.7,0,0,DineIn,0,7.98,24.8607,67.0011
Midtown,2024-04-12,26,9000206,C77701,1050,Lemonade,Drinks,2.2,0.0,7.44,1.14,0,0,Delivery,0,1.21,24.8607,67.0011
Midtown,2024-04-13,19,9000208,C54183,1001,Cheese Burger,Burgers,6.5,0.0,16.05,2.47,0,0,DineIn,0,3.58,24.8607,67.0011
Midtown,2024-04-14,18,9000210,C76031,1032,BBQ Chicken Pizza,Pizzas,14.5,0.0,33.93,5.22,0,0,Delivery,0,7.98,24.8607,67.0011
Midtown,2024-04-15,28,9000212,C60325,1050,Lemonade,Drinks,2.2,0.0,8.01,1.23,0,0,DineIn,0,1.21,24.8607,67.0011
Midtown,2024-04-16,9,9000214,C91924,1001,Cheese Burger,Burgers,6.5,0.0,7.61,1.17,0,0,Delivery,0,3.58,24.8607,67.0011
Midtown,2024-04-17,15,9000216,C16315,1032,BBQ Chicken Pizza,Pizzas,14.5,0.0,28.28,4.35,0,0,DineIn,0,7.98,24.8607,67.0011
Midtown,2024-04-18,23,9000218,C22702,1050,Lemonade,Drinks,2.2,0.0,6.58,1.01,0,0,Delivery,0,1.21,24.8607,67.0011
Midtown,2024-04-19,31,9000220,C11144,1001,Cheese Burger,Burgers,6.5,0.0,26.2,4.03,0,0,DineIn,0,3.58,24.8607,67.0011
Midtown,2024-04-20,18,9000222,C24885,1032,BBQ Chicken Pizza,Pizzas,14.5,0.0,33.93,5.22,0,0,Delivery,0,7.98,24.8607,67.0011
Midtown,2024-04-21,24,9000224,C51831,1050,Lemonade,Drinks,2.2,5.28,6.18,0.95,0,0,DineIn,1,1.21,24.8607,67.0011
Midtown,2024-04-22,23,9000226,C46408,1001,Cheese Burger,Burgers,6.5,0.0,19.44,2.99,0,0,Delivery,0,3.58,24.8607,67.0011
Midtown,2024-04-23,16,9000228,C76235,1032,BBQ Chicken Pizza,Pizzas,14.5,0.0,30.16,4.64,0,0,DineIn,0,7.98,24.8607,67.0011
Midtown,2024-04-24,22,9000230,C52791,1050,Lemonade,Drinks,2.2,0.0,6.29,0.97,0,0,Delivery,0,1.21,24.8607,67.0011
Midtown,2024-04-25,28,9000232,C39839,1001,Cheese Burger,Burgers,6.5,0.0,23.66,3.64,0,0,DineIn,0,3.58,24.8607,67.0011
Midtown,2024-04-26,24,9000234,C61172,1032,BBQ Chicken Pizza,Pizzas,14.5,0.0,45.24,6.96,0,0,Delivery,0,7.98,24.8607,67.0011
Midtown,2024-04-27,24,9000236,C46997,1050,Lemonade,Drinks,2.2,0.0,6.86,1.06,0,0,DineIn,0,1.21,24.8607,67.0011
Midtown,2024-04-28,18,9000238,C46529,1001,Cheese Burger,Burgers,6.5,0.0,15.21,2.34,0,0,Delivery,0,3.58,24.8607,67.0011
Midtown,2024-04-29,14,9000240,C48951,1032,BBQ Chicken Pizza,Pizzas,14.5,0.0,26.39,4.06,0,0,DineIn,0,7.98,24.8607,67.0011
Midtown,2024-04-30,16,9000242,C82209,1050,Lemonade,Drinks,2.2,0.0,4.58,0.7,0,0,Delivery,0,1.21,24.8607,67.0011
Midtown,2024-05-01,17,9000244,C43675,1001,Cheese Burger,Burgers,6.5,0.0,14.37,2.21,0,0,DineIn,0,3.58,24.8607,67.0011
Midtown,2024-05-02,17,9000246,C78079,1032,BBQ Chicken Pizza,Pizzas,14.5,0.0,32.05,4.93,0,0,Delivery,0,7.98,24.8607,67.0011
Midtown,2024-05-03,30,9000248,C32807,1050,Lemonade,Drinks,2.2,6.6,7.72,1.19,0,0,DineIn,1,1.21,24.8607,67.0011
Midtown,2024-05-04,39,9000250,C17202,1001,Cheese Burger,Burgers,6.5,0.0,32.95,5.07,0,0,Delivery,0,3.58,24.8607,67.0011
Midtown,2024-05-05,29,9000252,C99156,1032,BBQ Chicken Pizza,Pizzas,14.5,0.0,54.66,8.41,0,0,DineIn,0,7.98,24.8607,67.0011
Midtown,2024-05-06,17,9000254,C40231,1050,Lemonade,Drinks,2.2,0.0,4.86,0.75,0,0,Delivery,0,1.21,24.8607,67.0011
Midtown,2024-05-07,24,9000256,C28223,1001,Cheese Burger,Burgers,6.5,15.6,18.25,2.81,0,0,DineIn,1,3.58,24.8607,67.0011
Midtown,2024-05-08,29,9000258,C28439,1032,BBQ Chicken Pizza,Pizzas,14.5,42.05,49.2,7.57,0,0,Delivery,1,7.98,24.8607,67.0011
Midtown,2024-05-09,21,9000260,C38624,1050,Lemonade,Drinks,2.2,0.0,6.01,0.92,0,0,DineIn,0,1.21,24.8607,67.0011
Midtown,2024-05-10,16,9000262,C39969,1001,Cheese Burger,Burgers,6.5,0.0,13.52,2.08,0,0,Delivery,0,3.58,24.8607,67.0011
Midtown,2024-05-11,20,9000264,C19034,1032,BBQ Chicken Pizza,Pizzas,14.5,0.0,37.7,5.8,0,0,DineIn,0,7.98,24.8607,67.0011
Midtown,2024-05-12,11,9000266,C56693,1050,Lemonade,Drinks,2.2,0.0,3.15,0.48,0,0,Delivery,0,1.21,24.8607,67.0011
Midtown,2024-05-13,14,9000268,C50715,1001,Cheese Burger,Burgers,6.5,0.0,11.83,1.82,0,0,DineIn,0,3.58,24.8607,67.0011
Midtown,2024-05-14,19,9000270,C38020,1032,BBQ Chicken Pizza,Pizzas,14.5,0.0,35.81,5.51,0,0,Delivery,0,7.98,24.8607,67.0011
Midtown,2024-05-15,17,9000272,C55230,1050,Lemonade,Drinks,2.2,0.0,4.86,0.75,0,0,DineIn,0,1.21,24.8607,67.0011
Midtown,2024-05-16,10,9000274,C14129,1001,Cheese Burger,Burgers,6.5,0.0,8.45,1.3,0,0,Delivery,0,3.58,24.8607,67.0011
Midtown,2024-05-17,17,9000276,C95388,1032,BBQ Chicken Pizza,Pizzas,14.5,0.0,32.05,4.93,0,0,DineIn,0,7.98,24.8607,67.0011
Midtown,2024-05-18,25,9000278,C75683,1050,Lemonade,Drinks,2.2,0.0,7.15,1.1,0,0,Delivery,0,1.21,24.8607,67.0011
Midtown,2024-05-19,20,9000280,C97761,1001,Cheese Burger,Burgers,6.5,0.0,16.9,2.6,0,0,DineIn,0,3.58,24.8607,67.0011
Midtown,2024-05-20,18,9000282,C32738,1032,BBQ Chicken Pizza,Pizzas,14.5,0.0,33.93,5.22,0,0,Delivery,0,7.98,24.8607,67.0011
Midtown,2024-05-21,30,9000284,C91597,1050,Lemonade,Drinks,2.2,0.0,8.58,1.32,0,0,DineIn,0,1.21,24.8607,67.0011
Midtown,2024-05-22,16,9000286,C82278,1001,Cheese Burger,Burgers,6.5,0.0,13.52,2.08,0,0,Delivery,0,3.58,24.8607,67.0011
Midtown,2024-05-23,23,9000288,C14889,1032,BBQ Chicken Pizza,Pizzas,14.5,0.0,43.36,6.67,0,0,DineIn,0,7.98,24.8607,67.0011
Midtown,2024-05-24,26,9000290,C33253,1050,Lemonade,Drinks,2.2,0.0,7.44,1.14,0,0,Delivery,0,1.21,24.8607,67.0011
Midtown,2024-05-25,39,9000292,C26015,1001,Cheese Burger,Burgers,6.5,0.0,32.95,5.07,0,0,DineIn,0,3.58,24.8607,67.0011
Midtown,2024-05-26,15,9000294,C56917,1032,BBQ Chicken Pizza,Pizzas,14.5,0.0,28.28,4.35,0,0,Delivery,0,7.98,24.8607,67.0011
Midtown,2024-05-27,27,9000296,C82104,1050,Lemonade,Drinks,2.2,0.0,7.72,1.19,0,0,DineIn,0,1.21,24.8607,67.0011
Midtown,2024-05-28,27,9000298,C26976,1001,Cheese Burger,Burgers,6.5,17.55,20.53,3.16,0,0,Delivery,1,3.58,24.8607,67.0011
Midtown,2024-05-29,18,9000300,C36055,1032,BBQ Chicken Pizza,Pizzas,14.5,0.0,33.93,5.22,0,0,DineIn,0,7.98,24.8607,67.0011
Midtown,2024-05-30,25,9000302,C37842,1050,Lemonade,Drinks,2.2,0.0,7.15,1.1,0,0,Delivery,0,1.21,24.8607,67.0011
Midtown,2024-05-31,36,9000304,C18492,1001,Cheese Burger,Burgers,6.5,0.0,30.42,4.68,0,0,DineIn,0,3.58,24.8607,67.0011
Midtown,2024-06-01,25,9000306,C52476,1032,BBQ Chicken Pizza,Pizzas,14.5,0.0,47.12,7.25,0,0,Delivery,0,7.98,24.8607,67.0011
Midtown,2024-06-02,19,9000308,C60588,1050,Lemonade,Drinks,2.2,4.18,4.89,0.75,0,0,DineIn,1,1.21,24.8607,67.0011
Midtown,2024-06-03,19,9000310,C45103,1001,Cheese Burger,Burgers,6.5,0.0,16.05,2.47,0,0,Delivery,0,3.58,24.8607,67.0011
Midtown,2024-06-04,18,9000312,C33128,1032,BBQ Chicken Pizza,Pizzas,14.5,0.0,33.93,5.22,0,0,DineIn,0,7.98,24.8607,67.0011
Midtown,2024-06-05,19,9000314,C74694,1050,Lemonade,Drinks,2.2,0.0,5.43,0.84,0,0,Delivery,0,1.21,24.8607,67.0011
Midtown,2024-06-06,16,9000316,C92742,1001,Cheese Burger,Burgers,6.5,0.0,13.52,2.08,0,0,DineIn,0,3.58,24.8607,67.0011
Midtown,2024-06-07,15,9000318,C12703,1032,BBQ Chicken Pizza,Pizzas,14.5,0.0,28.28,4.35,0,0,Delivery,0,7.98,24.8607,67.0011
Midtown,2024-06-08,28,9000320,C43114,1050,Lemonade,Drinks,2.2,6.16,7.21,1.11,0,0,DineIn,1,1.21,24.8607,67.0011
Midtown,2024-06-09,30,9000322,C61271,1001,Cheese Burger,Burgers,6.5,0.0,25.35,3.9,0,0,Delivery,0,3.58,24.8607,67.0011
Midtown,2024-06-10,16,9000324,C80033,1032,BBQ Chicken Pizza,Pizzas,14.5,0.0,30.16,4.64,0,0,DineIn,0,7.98,24.8607,67.0011
Midtown,2024-06-11,19,9000326,C50425,1050,Lemonade,Drinks,2.2,4.18,4.89,0.75,0,0,Delivery,1,1.21,24.8607,67.0011
Midtown,2024-06-12,10,9000328,C87114,1001,Cheese Burger,Burgers,6.5,0.0,8.45,1.3,0,0,DineIn,0,3.58,24.8607,67.0011
Midtown,2024-06-13,24,9000330,C18753,1032,BBQ Chicken Pizza,Pizzas,14.5,0.0,45.24,6.96,0,0,Delivery,0,7.98,24.8607,67.0011
Midtown,2024-06-14,24,9000332,C39230,1050,Lemonade,Drinks,2.2,0.0,6.86,1.06,0,0,DineIn,0,1.21,24.8607,67.0011
Midtown,2024-06-15,23,9000334,C59491,1001,Cheese Burger,Burgers,6.5,0.0,19.44,2.99,0,0,Delivery,0,3.58,24.8607,67.0011
Midtown,2024-06-16,24,9000336,C51607,1032,BBQ Chicken Pizza,Pizzas,14.5,0.0,45.24,6.96,0,0,DineIn,0,7.98,24.8607,67.0011
Midtown,2024-06-17,22,9000338,C62417,1050,Lemonade,Drinks,2.2,4.84,5.66,0.87,0,0,Delivery,1,1.21,24.8607,67.0011
Midtown,2024-06-18,23,9000340,C52379,1001,Cheese Burger,Burgers,6.5,0.0,19.44,2.99,0,0,DineIn,0,3.58,24.8607,67.0011
Midtown,2024-06-19,16,9000342,C84735,1032,BBQ Chicken Pizza,Pizzas,14.5,0.0,30.16,4.64,0,0,Delivery,0,7.98,24.8607,67.0011
Midtown,2024-06-20,24,9000344,C80767,1050,Lemonade,Drinks,2.2,0.0,6.86,1.06,0,0,DineIn,0,1.21,24.8607,67.0011
Midtown,2024-06-21,23,9000346,C21238,1001,Cheese Burger,Burgers,6.5,0.0,19.44,2.99,0,0,Delivery,0,3.58,24.8607,67.0011
Midtown,2024-06-22,15,9000348,C52959,1032,BBQ Chicken Pizza,Pizzas,14.5,0.0,28.28,4.35,0,0,DineIn,0,7.98,24.8607,67.0011
Midtown,2024-06-23,16,9000350,C60033,1050,Lemonade,Drinks,2.2,0.0,4.58,0.7,0,0,Delivery,0,1.21,24.8607,67.0011
Midtown,2024-06-24,21,9000352,C74069,1001,Cheese Burger,Burgers,6.5,13.65,15.97,2.46,0,0,DineIn,1,3.58,24.8607,67.0011
Midtown,2024-06-25,21,9000354,C18913,1032,BBQ Chicken Pizza,Pizzas,14.5,0.0,39.59,6.09,0,0,Delivery,0,7.98,24.8607,67.0011
Midtown,2024-06-26,16,9000356,C35563,1050,Lemonade,Drinks,2.2,0.0,4.58,0.7,0,0,DineIn,0,1.21,24.8607,67.0011
Midtown,2024-06-27,24,9000358,C10808,1001,Cheese Burger,Burgers,6.5,0.0,20.28,3.12,0,0,Delivery,0,3.58,24.8607,67.0011
Midtown,2024-06-28,23,9000360,C18266,1032,BBQ Chicken Pizza,Pizzas,14.5,0.0,43.36,6.67,0,0,DineIn,0,7.98,24.8607,67.0011
Midtown,2024-06-29,11,9000362,C65497,1050,Lemonade,Drinks,2.2,0.0,3.15,0.48,0,0,Delivery,0,1.21,24.8607,67.0011
Midtown,2024-06-30,26,9000364,C14504,1001,Cheese Burger,Burgers,6.5,0.0,21.97,3.38,0,0,DineIn,0,3.58,24.8607,67.0011
Midtown,2024-07-01,21,9000366,C94369,1032,BBQ Chicken Pizza,Pizzas,14.5,0.0,39.59,6.09,0,0,Delivery,0,7.98,24.8607,67.0011
Midtown,2024-07-02,27,9000368,C57036,1050,Lemonade,Drinks,2.2,5.94,6.95,1.07,0,0,DineIn,1,1.21,24.8607,67.0011
Midtown,2024-07-03,18,9000370,C42908,1001,Cheese Burger,Burgers,6.5,0.0,15.21,2.34,0,0,Delivery,0,3.58,24.8607,67.0011
Midtown,2024-07-04,16,9000372,C36393,1032,BBQ Chicken Pizza,Pizzas,14.5,0.0,30.16,4.64,0,0,DineIn,0,7.98,24.8607,67.0011
Midtown,2024-07-05,25,9000374,C49919,1050,Lemonade,Drinks,2.2,0.0,7.15,1.1,0,0,Delivery,0,1.21,24.8607,67.0011
Midtown,2024-07-06,19,9000376,C73723,1001,Cheese Burger,Burgers,6.5,0.0,16.05,2.47,0,0,DineIn,0,3.58,24.8607,67.0011
Midtown,2024-07-07,22,9000378,C81184,1032,BBQ Chicken Pizza,Pizzas,14.5,0.0,41.47,6.38,0,0,Delivery,0,7.98,24.8607,67.0011
Midtown,2024-07-08,19,9000380,C69625,1050,Lemonade,Drinks,2.2,0.0,5.43,0.84,0,0,DineIn,0,1.21,24.8607,67.0011
Midtown,2024-07-09,21,9000382,C51771,1001,Cheese Burger,Burgers,6.5,0.0,17.75,2.73,0,0,Delivery,0,3.58,24.8607,67.0011
Midtown,2024-07-10,31,9000384,C92959,1032,BBQ Chicken Pizza,Pizzas,14.5,44.95,52.59,8.09,0,0,DineIn,1,7.98,24.8607,67.0011
Midtown,2024-07-11,15,9000386,C44152,1050,Lemonade,Drinks,2.2,0.0,4.29,0.66,0,0,Delivery,0,1.21,24.8607,67.0011
Midtown,2024-07-12,20,9000388,C71042,1001,Cheese Burger,Burgers,6.5,0.0,16.9,2.6,0,0,DineIn,0,3.58,24.8607,67.0011
Midtown,2024-07-13,18,9000390,C60651,1032,BBQ Chicken Pizza,Pizzas,14.5,0.0,33.93,5.22,0,0,Delivery,0,7.98,24.8607,67.0011
Midtown,2024-07-14,17,9000392,C65823,1050,Lemonade,Drinks,2.2,3.74,4.38,0.67,0,0,DineIn,1,1.21,24.8607,67.0011
Midtown,2024-07-15,16,9000394,C34774,1001,Cheese Burger,Burgers,6.5,0.0,13.52,2.08,0,0,Delivery,0,3.58,24.8607,67.0011
Midtown,2024-07-16,12,9000396,C35936,1032,BBQ Chicken Pizza,Pizzas,14.5,0.0,22.62,3.48,0,0,DineIn,0,7.98,24.8607,67.0011
Midtown,2024-07-17,16,9000398,C29911,1050,Lemonade,Drinks,2.2,0.0,4.58,0.7,0,0,Delivery,0,1.21,24.8607,67.0011
Midtown,2024-07-18,20,9000400,C12001,1001,Cheese Burger,Burgers,6.5,0.0,16.9,2.6,0,0,DineIn,0,3.58,24.8607,67.0011
Midtown,2024-07-19,21,9000402,C70577,1032,BBQ Chicken Pizza,Pizzas,14.5,0.0,39.59,6.09,0,0,Delivery,0,7.98,24.8607,67.0011
Midtown,2024-07-20,21,9000404,C18103,1050,Lemonade,Drinks,2.2,0.0,6.01,0.92,0,0,DineIn,0,1.21,24.8607,67.0011
Midtown,2024-07-21,21,9000406,C26834,1001,Cheese Burger,Burgers,6.5,0.0,17.75,2.73,0,0,Delivery,0,3.58,24.8607,67.0011
Midtown,2024-07-22,15,9000408,C56556,1032,BBQ Chicken Pizza,Pizzas,14.5,0.0,28.28,4.35,0,0,DineIn,0,7.98,24.8607,67.0011
Midtown,2024-07-23,22,9000410,C47936,1050,Lemonade,Drinks,2.2,0.0,6.29,0.97,0,0,Delivery,0,1.21,24.8607,67.0011
Midtown,2024-07-24,26,9000412,C45350,1001,Cheese Burger,Burgers,6.5,0.0,21.97,3.38,0,0,DineIn,0,3.58,24.8607,67.0011
Midtown,2024-07-25,16,9000414,C81784,1032,BBQ Chicken Pizza,Pizzas,14.5,0.0,30.16,4.64,0,0,Delivery,0,7.98,24.8607,67.0011
Midtown,2024-07-26,27,9000416,C37483,1050,Lemonade,Drinks,2.2,0.0,7.72,1.19,0,0,DineIn,0,1.21,24.8607,67.0011
Midtown,2024-07-27,19,9000418,C19330,1001,Cheese Burger,Burgers,6.5,0.0,16.05,2.47,0,0,Delivery,0,3.58,24.8607,67.0011
Midtown,2024-07-28,12,9000420,C59820,1032,BBQ Chicken Pizza,Pizzas,14.5,0.0,22.62,3.48,0,0,DineIn,0,7.98,24.8607,67.0011
Midtown,2024-07-29,19,9000422,C19161,1050,Lemonade,Drinks,2.2,0.0,5.43,0.84,0,0,Delivery,0,1.21,24.8607,67.0011
Midtown,2024-07-30,23,9000424,C80249,1001,Cheese Burger,Burgers,6.5,14.95,17.49,2.69,0,0,DineIn,1,3.58,24.8607,67.0011
Midtown,2024-07-31,13,9000426,C54531,1032,BBQ Chicken Pizza,Pizzas,14.5,0.0,24.51,3.77,0,0,Delivery,0,7.98,24.8607,67.0011
Midtown,2024-08-01,15,9000428,C72893,1050,Lemonade,Drinks,2.2,0.0,4.29,0.66,0,0,DineIn,0,1.21,24.8607,67.0011
Midtown,2024-08-02,13,9000430,C79406,1001,Cheese Burger,Burgers,6.5,0.0,10.99,1.69,0,0,Delivery,0,3.58,24.8607,67.0011
Midtown,2024-08-03,14,9000432,C75247,1032,BBQ Chicken Pizza,Pizzas,14.5,0.0,26.39,4.06,0,0,DineIn,0,7.98,24.8607,67.0011
Midtown,2024-08-04,19,9000434,C99397,1050,Lemonade,Drinks,2.2,0.0,5.43,0.84,0,0,Delivery,0,1.21,24.8607,67.0011
Midtown,2024-08-05,15,9000436,C41960,1001,Cheese Burger,Burgers,6.5,0.0,12.68,1.95,0,0,DineIn,0,3.58,24.8607,67.0011
Midtown,2024-08-06,21,9000438,C66211,1032,BBQ Chicken Pizza,Pizzas,14.5,30.45,35.63,5.48,0,0,Delivery,1,7.98,24.8607,67.0011
Midtown,2024-08-07,19,9000440,C67386,1050,Lemonade,Drinks,2.2,0.0,5.43,0.84,0,0,DineIn,0,1.21,24.8607,67.0011
Midtown,2024-08-08,17,9000442,C74560,1001,Cheese Burger,Burgers,6.5,0.0,14.37,2.21,0,0,Delivery,0,3.58,24.8607,67.0011
Midtown,2024-08-09,20,9000444,C28016,1032,BBQ Chicken Pizza,Pizzas,14.5,0.0,37.7,5.8,0,0,DineIn,0,7.98,24.8607,67.0011
Midtown,2024-08-10,26,9000446,C19305,1050,Lemonade,Drinks,2.2,0.0,7.44,1.14,0,0,Delivery,0,1.21,24.8607,67.0011
Midtown,2024-08-11,14,9000448,C29940,1001,Cheese Burger,Burgers,6.5,0.0,11.83,1.82,0,0,DineIn,0,3.58,24.8607,67.0011
Midtown,2024-08-12,17,9000450,C87233,1032,BBQ Chicken Pizza,Pizzas,14.5,0.0,32.05,4.93,0,0,Delivery,0,7.98,24.8607,67.0011
Midtown,2024-08-13,12,9000452,C40185,1050,Lemonade,Drinks,2.2,0.0,3.43,0.53,0,0,DineIn,0,1.21,24.8607,67.0011
Midtown,2024-08-14,19,9000454,C94751,1001,Cheese Burger,Burgers,6.5,0.0,16.05,2.47,0,0,Delivery,0,3.58,24.8607,67.0011
Midtown,2024-08-15,14,9000456,C38402,1032,BBQ Chicken Pizza,Pizzas,14.5,0.0,26.39,4.06,0,0,DineIn,0,7.98,24.8607,67.0011
Midtown,2024-08-16,30,9000458,C86937,1050,Lemonade,Drinks,2.2,6.6,7.72,1.19,0,0,Delivery,1,1.21,24.8607,67.0011
Midtown,2024-08-17,15,9000460,C56163,1001,Cheese Burger,Burgers,6.5,0.0,12.68,1.95,0,0,DineIn,0,3.58,24.8607,67.0011
Midtown,2024-08-18,16,9000462,C46573,1032,BBQ Chicken Pizza,Pizzas,14.5,0.0,30.16,4.64,0,0,Delivery,0,7.98,24.8607,67.0011
Midtown,2024-08-19,17,9000464,C65712,1050,Lemonade,Drinks,2.2,0.0,4.86,0.75,0,0,DineIn,0,1.21,24.8607,67.0011
Midtown,2024-08-20,21,9000466,C74200,1001,Cheese Burger,Burgers,6.5,0.0,17.75,2.73,0,0,Delivery,0,3.58,24.8607,67.0011
Midtown,2024-08-21,13,9000468,C32900,1032,BBQ Chicken Pizza,Pizzas,14.5,0.0,24.51,3.77,0,0,DineIn,0,7.98,24.8607,67.0011
Midtown,2024-08-22,6,9000470,C85445,1050,Lemonade,Drinks,2.2,0.0,1.72,0.26,0,0,Delivery,0,1.21,24.8607,67.0011
Midtown,2024-08-23,18,9000472,C58497,1001,Cheese Burger,Burgers,6.5,0.0,15.21,2.34,0,0,DineIn,0,3.58,24.8607,67.0011
Midtown,2024-08-24,24,9000474,C73635,1032,BBQ Chicken Pizza,Pizzas,14.5,0.0,45.24,6.96,0,0,Delivery,0,7.98,24.8607,67.0011
Midtown,2024-08-25,21,9000476,C34508,1050,Lemonade,Drinks,2.2,4.62,5.41,0.83,0,0,DineIn,1,1.21,24.8607,67.0011
Midtown,2024-08-26,20,9000478,C42722,1001,Cheese Burger,Burgers,6.5,0.0,16.9,2.6,0,0,Delivery,0,3.58,24.8607,67.0011
Midtown,2024-08-27,23,9000480,C11117,1032,BBQ Chicken Pizza,Pizzas,14.5,33.35,39.02,6.0,0,0,DineIn,1,7.98,24.8607,67.0011
